<?xml version="1.0" encoding="ISO-8859-1" ?>
<link_info>
   <banner>TI ARM Linker PC v20.2.7.LTS</banner>
   <copyright>Copyright (c) 1996-2018 Texas Instruments Incorporated</copyright>
   <link_time>0x690cc8e5</link_time>
   <link_errors>0x0</link_errors>
   <output_file>LCD_ODEV.out</output_file>
   <entry_point>
      <name>_c_int00_noinit_noargs</name>
      <address>0x7b5</address>
   </entry_point>
   <input_file_list>
      <input_file id="fl-2">
         <path>.\</path>
         <kind>object</kind>
         <file>lcd.obj</file>
         <name>lcd.obj</name>
      </input_file>
      <input_file id="fl-3">
         <path>.\</path>
         <kind>object</kind>
         <file>main.obj</file>
         <name>main.obj</name>
      </input_file>
      <input_file id="fl-4">
         <path>.\</path>
         <kind>object</kind>
         <file>tm4c123gh6pm_startup_ccs.obj</file>
         <name>tm4c123gh6pm_startup_ccs.obj</name>
      </input_file>
      <input_file id="fl-9">
         <kind>object</kind>
         <file>&lt;internal&gt;</file>
         <name>&lt;internal&gt;</name>
      </input_file>
      <input_file id="fl-bf">
         <path>C:\ti\ccs1281\ccs\tools\compiler\ti-cgt-arm_20.2.7.LTS\lib\</path>
         <kind>archive</kind>
         <file>rtsv7M4_T_le_v4SPD16_eabi.lib</file>
         <name>copy_zero_init.c.obj</name>
      </input_file>
      <input_file id="fl-c0">
         <path>C:\ti\ccs1281\ccs\tools\compiler\ti-cgt-arm_20.2.7.LTS\lib\</path>
         <kind>archive</kind>
         <file>rtsv7M4_T_le_v4SPD16_eabi.lib</file>
         <name>copy_decompress_none.c.obj</name>
      </input_file>
      <input_file id="fl-c1">
         <path>C:\ti\ccs1281\ccs\tools\compiler\ti-cgt-arm_20.2.7.LTS\lib\</path>
         <kind>archive</kind>
         <file>rtsv7M4_T_le_v4SPD16_eabi.lib</file>
         <name>copy_decompress_lzss.c.obj</name>
      </input_file>
      <input_file id="fl-c2">
         <path>C:\ti\ccs1281\ccs\tools\compiler\ti-cgt-arm_20.2.7.LTS\lib\</path>
         <kind>archive</kind>
         <file>rtsv7M4_T_le_v4SPD16_eabi.lib</file>
         <name>boot_cortex_m.c.obj</name>
      </input_file>
      <input_file id="fl-c3">
         <path>C:\ti\ccs1281\ccs\tools\compiler\ti-cgt-arm_20.2.7.LTS\lib\</path>
         <kind>archive</kind>
         <file>rtsv7M4_T_le_v4SPD16_eabi.lib</file>
         <name>memcpy_t2.asm.obj</name>
      </input_file>
      <input_file id="fl-c4">
         <path>C:\ti\ccs1281\ccs\tools\compiler\ti-cgt-arm_20.2.7.LTS\lib\</path>
         <kind>archive</kind>
         <file>rtsv7M4_T_le_v4SPD16_eabi.lib</file>
         <name>memset_t2.asm.obj</name>
      </input_file>
      <input_file id="fl-c5">
         <path>C:\ti\ccs1281\ccs\tools\compiler\ti-cgt-arm_20.2.7.LTS\lib\</path>
         <kind>archive</kind>
         <file>rtsv7M4_T_le_v4SPD16_eabi.lib</file>
         <name>autoinit.c.obj</name>
      </input_file>
      <input_file id="fl-c6">
         <path>C:\ti\ccs1281\ccs\tools\compiler\ti-cgt-arm_20.2.7.LTS\lib\</path>
         <kind>archive</kind>
         <file>rtsv7M4_T_le_v4SPD16_eabi.lib</file>
         <name>pre_init.c.obj</name>
      </input_file>
      <input_file id="fl-c7">
         <path>C:\ti\ccs1281\ccs\tools\compiler\ti-cgt-arm_20.2.7.LTS\lib\</path>
         <kind>archive</kind>
         <file>rtsv7M4_T_le_v4SPD16_eabi.lib</file>
         <name>cpy_tbl.c.obj</name>
      </input_file>
      <input_file id="fl-c8">
         <path>C:\ti\ccs1281\ccs\tools\compiler\ti-cgt-arm_20.2.7.LTS\lib\</path>
         <kind>archive</kind>
         <file>rtsv7M4_T_le_v4SPD16_eabi.lib</file>
         <name>exit.c.obj</name>
      </input_file>
      <input_file id="fl-c9">
         <path>C:\ti\ccs1281\ccs\tools\compiler\ti-cgt-arm_20.2.7.LTS\lib\</path>
         <kind>archive</kind>
         <file>rtsv7M4_T_le_v4SPD16_eabi.lib</file>
         <name>_lock.c.obj</name>
      </input_file>
      <input_file id="fl-ca">
         <path>C:\ti\ccs1281\ccs\tools\compiler\ti-cgt-arm_20.2.7.LTS\lib\</path>
         <kind>archive</kind>
         <file>rtsv7M4_T_le_v4SPD16_eabi.lib</file>
         <name>args_main.c.obj</name>
      </input_file>
      <input_file id="fl-cb">
         <path>C:\ti\TivaWare_C_Series-2.2.0.295\driverlib\ccs\Debug\</path>
         <kind>archive</kind>
         <file>driverlib.lib</file>
         <name>gpio.obj</name>
      </input_file>
      <input_file id="fl-cc">
         <path>C:\ti\TivaWare_C_Series-2.2.0.295\driverlib\ccs\Debug\</path>
         <kind>archive</kind>
         <file>driverlib.lib</file>
         <name>interrupt.obj</name>
      </input_file>
      <input_file id="fl-cd">
         <path>C:\ti\TivaWare_C_Series-2.2.0.295\driverlib\ccs\Debug\</path>
         <kind>archive</kind>
         <file>driverlib.lib</file>
         <name>sysctl.obj</name>
      </input_file>
      <input_file id="fl-ce">
         <path>C:\ti\TivaWare_C_Series-2.2.0.295\driverlib\ccs\Debug\</path>
         <kind>archive</kind>
         <file>driverlib.lib</file>
         <name>cpu.obj</name>
      </input_file>
   </input_file_list>
   <object_component_list>
      <object_component id="oc-12">
         <name>.intvecs</name>
         <load_address>0x0</load_address>
         <run_address>0x0</run_address>
         <size>0x26c</size>
         <input_file_ref idref="fl-4"/>
      </object_component>
      <object_component id="oc-c9">
         <name>.text</name>
         <load_address>0x270</load_address>
         <run_address>0x270</run_address>
         <size>0x240</size>
         <input_file_ref idref="fl-2"/>
      </object_component>
      <object_component id="oc-166">
         <name>.text:GPIOPadConfigSet</name>
         <load_address>0x4b0</load_address>
         <run_address>0x4b0</run_address>
         <size>0x16c</size>
         <input_file_ref idref="fl-cb"/>
      </object_component>
      <object_component id="oc-c3">
         <name>.text:SysCtlClockSet</name>
         <load_address>0x61c</load_address>
         <run_address>0x61c</run_address>
         <size>0xf4</size>
         <input_file_ref idref="fl-cd"/>
      </object_component>
      <object_component id="oc-9b">
         <name>.text</name>
         <load_address>0x710</load_address>
         <run_address>0x710</run_address>
         <size>0x44</size>
         <input_file_ref idref="fl-3"/>
      </object_component>
      <object_component id="oc-118">
         <name>.text:SysCtlPeripheralEnable</name>
         <load_address>0x754</load_address>
         <run_address>0x754</run_address>
         <size>0x34</size>
         <input_file_ref idref="fl-cd"/>
      </object_component>
      <object_component id="oc-16c">
         <name>.text:GPIODirModeSet</name>
         <load_address>0x788</load_address>
         <run_address>0x788</run_address>
         <size>0x2c</size>
         <input_file_ref idref="fl-cb"/>
      </object_component>
      <object_component id="oc-53">
         <name>.text:_c_int00_noinit_noargs:_c_int00_noinit_noargs</name>
         <load_address>0x7b4</load_address>
         <run_address>0x7b4</run_address>
         <size>0x2c</size>
         <input_file_ref idref="fl-c2"/>
      </object_component>
      <object_component id="oc-11e">
         <name>.text:GPIOPinTypeGPIOOutput</name>
         <load_address>0x7e0</load_address>
         <run_address>0x7e0</run_address>
         <size>0x1a</size>
         <input_file_ref idref="fl-cb"/>
      </object_component>
      <object_component id="oc-124">
         <name>.text:GPIOPinWrite</name>
         <load_address>0x7fa</load_address>
         <run_address>0x7fa</run_address>
         <size>0x6</size>
         <input_file_ref idref="fl-cb"/>
      </object_component>
      <object_component id="oc-27">
         <name>.text</name>
         <load_address>0x800</load_address>
         <run_address>0x800</run_address>
         <size>0x1a</size>
         <input_file_ref idref="fl-4"/>
      </object_component>
      <object_component id="oc-110">
         <name>.text:SysCtlDelay</name>
         <load_address>0x81a</load_address>
         <run_address>0x81a</run_address>
         <size>0x6</size>
         <input_file_ref idref="fl-cd"/>
      </object_component>
      <object_component id="oc-95">
         <name>.text:_system_pre_init</name>
         <load_address>0x820</load_address>
         <run_address>0x820</run_address>
         <size>0x4</size>
         <input_file_ref idref="fl-c6"/>
      </object_component>
      <object_component id="oc-d0">
         <name>.text:abort:abort</name>
         <load_address>0x824</load_address>
         <run_address>0x824</run_address>
         <size>0x4</size>
         <input_file_ref idref="fl-c8"/>
      </object_component>
      <object_component id="oc-24">
         <name>.stack</name>
         <uninitialized>true</uninitialized>
         <run_address>0x20000000</run_address>
         <size>0x4</size>
         <input_file_ref idref="fl-c2"/>
      </object_component>
      <object_component id="oc-1d4">
         <name>.stack</name>
         <uninitialized>true</uninitialized>
         <run_address>0x20000000</run_address>
         <size>0x0</size>
      </object_component>
      <object_component id="oc-b2">
         <name>.debug_info</name>
         <load_address>0x0</load_address>
         <run_address>0x0</run_address>
         <size>0x34a</size>
         <input_file_ref idref="fl-2"/>
      </object_component>
      <object_component id="oc-ca">
         <name>.debug_info</name>
         <load_address>0x34a</load_address>
         <run_address>0x34a</run_address>
         <size>0x68f</size>
         <input_file_ref idref="fl-2"/>
      </object_component>
      <object_component id="oc-70">
         <name>.debug_info</name>
         <load_address>0x9d9</load_address>
         <run_address>0x9d9</run_address>
         <size>0x26b</size>
         <input_file_ref idref="fl-2"/>
      </object_component>
      <object_component id="oc-36">
         <name>.debug_info</name>
         <load_address>0xc44</load_address>
         <run_address>0xc44</run_address>
         <size>0x84</size>
         <input_file_ref idref="fl-2"/>
      </object_component>
      <object_component id="oc-ad">
         <name>.debug_info</name>
         <load_address>0xcc8</load_address>
         <run_address>0xcc8</run_address>
         <size>0x2a4</size>
         <input_file_ref idref="fl-2"/>
      </object_component>
      <object_component id="oc-75">
         <name>.debug_info</name>
         <load_address>0xf6c</load_address>
         <run_address>0xf6c</run_address>
         <size>0xbb</size>
         <input_file_ref idref="fl-2"/>
      </object_component>
      <object_component id="oc-9c">
         <name>.debug_info</name>
         <load_address>0x1027</load_address>
         <run_address>0x1027</run_address>
         <size>0x15d</size>
         <input_file_ref idref="fl-3"/>
      </object_component>
      <object_component id="oc-2f">
         <name>.debug_info</name>
         <load_address>0x1184</load_address>
         <run_address>0x1184</run_address>
         <size>0x2ba</size>
         <input_file_ref idref="fl-4"/>
      </object_component>
      <object_component id="oc-13">
         <name>.debug_info</name>
         <load_address>0x143e</load_address>
         <run_address>0x143e</run_address>
         <size>0xf9</size>
         <input_file_ref idref="fl-4"/>
      </object_component>
      <object_component id="oc-29">
         <name>.debug_info</name>
         <load_address>0x1537</load_address>
         <run_address>0x1537</run_address>
         <size>0x275</size>
         <input_file_ref idref="fl-4"/>
      </object_component>
      <object_component id="oc-25">
         <name>.debug_info</name>
         <load_address>0x17ac</load_address>
         <run_address>0x17ac</run_address>
         <size>0x10b</size>
         <input_file_ref idref="fl-c2"/>
      </object_component>
      <object_component id="oc-54">
         <name>.debug_info</name>
         <load_address>0x18b7</load_address>
         <run_address>0x18b7</run_address>
         <size>0x1a2</size>
         <input_file_ref idref="fl-c2"/>
      </object_component>
      <object_component id="oc-96">
         <name>.debug_info</name>
         <load_address>0x1a59</load_address>
         <run_address>0x1a59</run_address>
         <size>0x153</size>
         <input_file_ref idref="fl-c6"/>
      </object_component>
      <object_component id="oc-d4">
         <name>.debug_info</name>
         <load_address>0x1bac</load_address>
         <run_address>0x1bac</run_address>
         <size>0x122</size>
         <input_file_ref idref="fl-c8"/>
      </object_component>
      <object_component id="oc-173">
         <name>.debug_info</name>
         <load_address>0x1cce</load_address>
         <run_address>0x1cce</run_address>
         <size>0x3e4</size>
         <input_file_ref idref="fl-cb"/>
      </object_component>
      <object_component id="oc-126">
         <name>.debug_info</name>
         <load_address>0x20b2</load_address>
         <run_address>0x20b2</run_address>
         <size>0x2ac</size>
         <input_file_ref idref="fl-cb"/>
      </object_component>
      <object_component id="oc-16e">
         <name>.debug_info</name>
         <load_address>0x235e</load_address>
         <run_address>0x235e</run_address>
         <size>0x2bc</size>
         <input_file_ref idref="fl-cb"/>
      </object_component>
      <object_component id="oc-168">
         <name>.debug_info</name>
         <load_address>0x261a</load_address>
         <run_address>0x261a</run_address>
         <size>0x31f</size>
         <input_file_ref idref="fl-cb"/>
      </object_component>
      <object_component id="oc-120">
         <name>.debug_info</name>
         <load_address>0x2939</load_address>
         <run_address>0x2939</run_address>
         <size>0x2c0</size>
         <input_file_ref idref="fl-cb"/>
      </object_component>
      <object_component id="oc-160">
         <name>.debug_info</name>
         <load_address>0x2bf9</load_address>
         <run_address>0x2bf9</run_address>
         <size>0x26b</size>
         <input_file_ref idref="fl-cb"/>
      </object_component>
      <object_component id="oc-156">
         <name>.debug_info</name>
         <load_address>0x2e64</load_address>
         <run_address>0x2e64</run_address>
         <size>0x8b</size>
         <input_file_ref idref="fl-cb"/>
      </object_component>
      <object_component id="oc-14b">
         <name>.debug_info</name>
         <load_address>0x2eef</load_address>
         <run_address>0x2eef</run_address>
         <size>0x297</size>
         <input_file_ref idref="fl-cb"/>
      </object_component>
      <object_component id="oc-15b">
         <name>.debug_info</name>
         <load_address>0x3186</load_address>
         <run_address>0x3186</run_address>
         <size>0xef</size>
         <input_file_ref idref="fl-cb"/>
      </object_component>
      <object_component id="oc-112">
         <name>.debug_info</name>
         <load_address>0x3275</load_address>
         <run_address>0x3275</run_address>
         <size>0xbb</size>
         <input_file_ref idref="fl-cb"/>
      </object_component>
      <object_component id="oc-117">
         <name>.debug_info</name>
         <load_address>0x3330</load_address>
         <run_address>0x3330</run_address>
         <size>0x441</size>
         <input_file_ref idref="fl-cd"/>
      </object_component>
      <object_component id="oc-11c">
         <name>.debug_info</name>
         <load_address>0x3771</load_address>
         <run_address>0x3771</run_address>
         <size>0x286</size>
         <input_file_ref idref="fl-cd"/>
      </object_component>
      <object_component id="oc-c5">
         <name>.debug_info</name>
         <load_address>0x39f7</load_address>
         <run_address>0x39f7</run_address>
         <size>0x2e4</size>
         <input_file_ref idref="fl-cd"/>
      </object_component>
      <object_component id="oc-152">
         <name>.debug_info</name>
         <load_address>0x3cdb</load_address>
         <run_address>0x3cdb</run_address>
         <size>0x51</size>
         <input_file_ref idref="fl-cd"/>
      </object_component>
      <object_component id="oc-1d5">
         <name>.debug_info</name>
         <load_address>0x3d2c</load_address>
         <run_address>0x3d2c</run_address>
         <size>0xac</size>
      </object_component>
      <object_component id="oc-10f">
         <name>.debug_line</name>
         <load_address>0x0</load_address>
         <run_address>0x0</run_address>
         <size>0x8e</size>
         <input_file_ref idref="fl-2"/>
      </object_component>
      <object_component id="oc-ce">
         <name>.debug_line</name>
         <load_address>0x8e</load_address>
         <run_address>0x8e</run_address>
         <size>0x100</size>
         <input_file_ref idref="fl-2"/>
      </object_component>
      <object_component id="oc-73">
         <name>.debug_line</name>
         <load_address>0x18e</load_address>
         <run_address>0x18e</run_address>
         <size>0x6f</size>
         <input_file_ref idref="fl-2"/>
      </object_component>
      <object_component id="oc-39">
         <name>.debug_line</name>
         <load_address>0x1fd</load_address>
         <run_address>0x1fd</run_address>
         <size>0x20</size>
         <input_file_ref idref="fl-2"/>
      </object_component>
      <object_component id="oc-b0">
         <name>.debug_line</name>
         <load_address>0x21d</load_address>
         <run_address>0x21d</run_address>
         <size>0x73</size>
         <input_file_ref idref="fl-2"/>
      </object_component>
      <object_component id="oc-78">
         <name>.debug_line</name>
         <load_address>0x290</load_address>
         <run_address>0x290</run_address>
         <size>0x70</size>
         <input_file_ref idref="fl-2"/>
      </object_component>
      <object_component id="oc-9f">
         <name>.debug_line</name>
         <load_address>0x300</load_address>
         <run_address>0x300</run_address>
         <size>0x47</size>
         <input_file_ref idref="fl-3"/>
      </object_component>
      <object_component id="oc-6f">
         <name>.debug_line</name>
         <load_address>0x347</load_address>
         <run_address>0x347</run_address>
         <size>0x41</size>
         <input_file_ref idref="fl-4"/>
      </object_component>
      <object_component id="oc-2e">
         <name>.debug_line</name>
         <load_address>0x388</load_address>
         <run_address>0x388</run_address>
         <size>0x41</size>
         <input_file_ref idref="fl-4"/>
      </object_component>
      <object_component id="oc-2b">
         <name>.debug_line</name>
         <load_address>0x3c9</load_address>
         <run_address>0x3c9</run_address>
         <size>0xa1</size>
         <input_file_ref idref="fl-4"/>
      </object_component>
      <object_component id="oc-6c">
         <name>.debug_line</name>
         <load_address>0x46a</load_address>
         <run_address>0x46a</run_address>
         <size>0x33</size>
         <input_file_ref idref="fl-c2"/>
      </object_component>
      <object_component id="oc-58">
         <name>.debug_line</name>
         <load_address>0x49d</load_address>
         <run_address>0x49d</run_address>
         <size>0x48</size>
         <input_file_ref idref="fl-c2"/>
      </object_component>
      <object_component id="oc-9a">
         <name>.debug_line</name>
         <load_address>0x4e5</load_address>
         <run_address>0x4e5</run_address>
         <size>0x40</size>
         <input_file_ref idref="fl-c6"/>
      </object_component>
      <object_component id="oc-d3">
         <name>.debug_line</name>
         <load_address>0x525</load_address>
         <run_address>0x525</run_address>
         <size>0x3c</size>
         <input_file_ref idref="fl-c8"/>
      </object_component>
      <object_component id="oc-199">
         <name>.debug_line</name>
         <load_address>0x561</load_address>
         <run_address>0x561</run_address>
         <size>0x82</size>
         <input_file_ref idref="fl-cb"/>
      </object_component>
      <object_component id="oc-125">
         <name>.debug_line</name>
         <load_address>0x5e3</load_address>
         <run_address>0x5e3</run_address>
         <size>0x92</size>
         <input_file_ref idref="fl-cb"/>
      </object_component>
      <object_component id="oc-16d">
         <name>.debug_line</name>
         <load_address>0x675</load_address>
         <run_address>0x675</run_address>
         <size>0x95</size>
         <input_file_ref idref="fl-cb"/>
      </object_component>
      <object_component id="oc-167">
         <name>.debug_line</name>
         <load_address>0x70a</load_address>
         <run_address>0x70a</run_address>
         <size>0xc4</size>
         <input_file_ref idref="fl-cb"/>
      </object_component>
      <object_component id="oc-11f">
         <name>.debug_line</name>
         <load_address>0x7ce</load_address>
         <run_address>0x7ce</run_address>
         <size>0x99</size>
         <input_file_ref idref="fl-cb"/>
      </object_component>
      <object_component id="oc-163">
         <name>.debug_line</name>
         <load_address>0x867</load_address>
         <run_address>0x867</run_address>
         <size>0x71</size>
         <input_file_ref idref="fl-cb"/>
      </object_component>
      <object_component id="oc-159">
         <name>.debug_line</name>
         <load_address>0x8d8</load_address>
         <run_address>0x8d8</run_address>
         <size>0x20</size>
         <input_file_ref idref="fl-cb"/>
      </object_component>
      <object_component id="oc-14e">
         <name>.debug_line</name>
         <load_address>0x8f8</load_address>
         <run_address>0x8f8</run_address>
         <size>0x75</size>
         <input_file_ref idref="fl-cb"/>
      </object_component>
      <object_component id="oc-15e">
         <name>.debug_line</name>
         <load_address>0x96d</load_address>
         <run_address>0x96d</run_address>
         <size>0x71</size>
         <input_file_ref idref="fl-cb"/>
      </object_component>
      <object_component id="oc-115">
         <name>.debug_line</name>
         <load_address>0x9de</load_address>
         <run_address>0x9de</run_address>
         <size>0x72</size>
         <input_file_ref idref="fl-cb"/>
      </object_component>
      <object_component id="oc-151">
         <name>.debug_line</name>
         <load_address>0xa50</load_address>
         <run_address>0xa50</run_address>
         <size>0x13d</size>
         <input_file_ref idref="fl-cd"/>
      </object_component>
      <object_component id="oc-11a">
         <name>.debug_line</name>
         <load_address>0xb8d</load_address>
         <run_address>0xb8d</run_address>
         <size>0x94</size>
         <input_file_ref idref="fl-cd"/>
      </object_component>
      <object_component id="oc-c7">
         <name>.debug_line</name>
         <load_address>0xc21</load_address>
         <run_address>0xc21</run_address>
         <size>0xee</size>
         <input_file_ref idref="fl-cd"/>
      </object_component>
      <object_component id="oc-154">
         <name>.debug_line</name>
         <load_address>0xd0f</load_address>
         <run_address>0xd0f</run_address>
         <size>0x7f</size>
         <input_file_ref idref="fl-cd"/>
      </object_component>
      <object_component id="oc-cd">
         <name>.debug_frame</name>
         <load_address>0x0</load_address>
         <run_address>0x0</run_address>
         <size>0xdc</size>
         <input_file_ref idref="fl-2"/>
      </object_component>
      <object_component id="oc-a0">
         <name>.debug_frame</name>
         <load_address>0xdc</load_address>
         <run_address>0xdc</run_address>
         <size>0x58</size>
         <input_file_ref idref="fl-3"/>
      </object_component>
      <object_component id="oc-2c">
         <name>.debug_frame</name>
         <load_address>0x134</load_address>
         <run_address>0x134</run_address>
         <size>0x90</size>
         <input_file_ref idref="fl-4"/>
      </object_component>
      <object_component id="oc-57">
         <name>.debug_frame</name>
         <load_address>0x1c4</load_address>
         <run_address>0x1c4</run_address>
         <size>0x50</size>
         <input_file_ref idref="fl-c2"/>
      </object_component>
      <object_component id="oc-99">
         <name>.debug_frame</name>
         <load_address>0x214</load_address>
         <run_address>0x214</run_address>
         <size>0x54</size>
         <input_file_ref idref="fl-c6"/>
      </object_component>
      <object_component id="oc-d1">
         <name>.debug_frame</name>
         <load_address>0x268</load_address>
         <run_address>0x268</run_address>
         <size>0x54</size>
         <input_file_ref idref="fl-c8"/>
      </object_component>
      <object_component id="oc-129">
         <name>.debug_frame</name>
         <load_address>0x2bc</load_address>
         <run_address>0x2bc</run_address>
         <size>0x54</size>
         <input_file_ref idref="fl-cb"/>
      </object_component>
      <object_component id="oc-171">
         <name>.debug_frame</name>
         <load_address>0x310</load_address>
         <run_address>0x310</run_address>
         <size>0x54</size>
         <input_file_ref idref="fl-cb"/>
      </object_component>
      <object_component id="oc-16b">
         <name>.debug_frame</name>
         <load_address>0x364</load_address>
         <run_address>0x364</run_address>
         <size>0x68</size>
         <input_file_ref idref="fl-cb"/>
      </object_component>
      <object_component id="oc-123">
         <name>.debug_frame</name>
         <load_address>0x3cc</load_address>
         <run_address>0x3cc</run_address>
         <size>0x5c</size>
         <input_file_ref idref="fl-cb"/>
      </object_component>
      <object_component id="oc-11b">
         <name>.debug_frame</name>
         <load_address>0x428</load_address>
         <run_address>0x428</run_address>
         <size>0x54</size>
         <input_file_ref idref="fl-cd"/>
      </object_component>
      <object_component id="oc-c8">
         <name>.debug_frame</name>
         <load_address>0x47c</load_address>
         <run_address>0x47c</run_address>
         <size>0x68</size>
         <input_file_ref idref="fl-cd"/>
      </object_component>
      <object_component id="oc-10e">
         <name>.debug_abbrev</name>
         <load_address>0x0</load_address>
         <run_address>0x0</run_address>
         <size>0x5a</size>
         <input_file_ref idref="fl-2"/>
      </object_component>
      <object_component id="oc-12a">
         <name>.debug_abbrev</name>
         <load_address>0x5a</load_address>
         <run_address>0x5a</run_address>
         <size>0x7a</size>
         <input_file_ref idref="fl-2"/>
      </object_component>
      <object_component id="oc-72">
         <name>.debug_abbrev</name>
         <load_address>0xd4</load_address>
         <run_address>0xd4</run_address>
         <size>0x69</size>
         <input_file_ref idref="fl-2"/>
      </object_component>
      <object_component id="oc-38">
         <name>.debug_abbrev</name>
         <load_address>0x13d</load_address>
         <run_address>0x13d</run_address>
         <size>0x1f</size>
         <input_file_ref idref="fl-2"/>
      </object_component>
      <object_component id="oc-af">
         <name>.debug_abbrev</name>
         <load_address>0x15c</load_address>
         <run_address>0x15c</run_address>
         <size>0x5c</size>
         <input_file_ref idref="fl-2"/>
      </object_component>
      <object_component id="oc-77">
         <name>.debug_abbrev</name>
         <load_address>0x1b8</load_address>
         <run_address>0x1b8</run_address>
         <size>0x24</size>
         <input_file_ref idref="fl-2"/>
      </object_component>
      <object_component id="oc-cf">
         <name>.debug_abbrev</name>
         <load_address>0x1dc</load_address>
         <run_address>0x1dc</run_address>
         <size>0x54</size>
         <input_file_ref idref="fl-3"/>
      </object_component>
      <object_component id="oc-6e">
         <name>.debug_abbrev</name>
         <load_address>0x230</load_address>
         <run_address>0x230</run_address>
         <size>0x68</size>
         <input_file_ref idref="fl-4"/>
      </object_component>
      <object_component id="oc-2d">
         <name>.debug_abbrev</name>
         <load_address>0x298</load_address>
         <run_address>0x298</run_address>
         <size>0x29</size>
         <input_file_ref idref="fl-4"/>
      </object_component>
      <object_component id="oc-6d">
         <name>.debug_abbrev</name>
         <load_address>0x2c1</load_address>
         <run_address>0x2c1</run_address>
         <size>0x79</size>
         <input_file_ref idref="fl-4"/>
      </object_component>
      <object_component id="oc-6b">
         <name>.debug_abbrev</name>
         <load_address>0x33a</load_address>
         <run_address>0x33a</run_address>
         <size>0x29</size>
         <input_file_ref idref="fl-c2"/>
      </object_component>
      <object_component id="oc-a2">
         <name>.debug_abbrev</name>
         <load_address>0x363</load_address>
         <run_address>0x363</run_address>
         <size>0x55</size>
         <input_file_ref idref="fl-c2"/>
      </object_component>
      <object_component id="oc-c2">
         <name>.debug_abbrev</name>
         <load_address>0x3b8</load_address>
         <run_address>0x3b8</run_address>
         <size>0x55</size>
         <input_file_ref idref="fl-c6"/>
      </object_component>
      <object_component id="oc-12b">
         <name>.debug_abbrev</name>
         <load_address>0x40d</load_address>
         <run_address>0x40d</run_address>
         <size>0x45</size>
         <input_file_ref idref="fl-c8"/>
      </object_component>
      <object_component id="oc-198">
         <name>.debug_abbrev</name>
         <load_address>0x452</load_address>
         <run_address>0x452</run_address>
         <size>0x7d</size>
         <input_file_ref idref="fl-cb"/>
      </object_component>
      <object_component id="oc-174">
         <name>.debug_abbrev</name>
         <load_address>0x4cf</load_address>
         <run_address>0x4cf</run_address>
         <size>0x6c</size>
         <input_file_ref idref="fl-cb"/>
      </object_component>
      <object_component id="oc-197">
         <name>.debug_abbrev</name>
         <load_address>0x53b</load_address>
         <run_address>0x53b</run_address>
         <size>0x6c</size>
         <input_file_ref idref="fl-cb"/>
      </object_component>
      <object_component id="oc-196">
         <name>.debug_abbrev</name>
         <load_address>0x5a7</load_address>
         <run_address>0x5a7</run_address>
         <size>0x6c</size>
         <input_file_ref idref="fl-cb"/>
      </object_component>
      <object_component id="oc-172">
         <name>.debug_abbrev</name>
         <load_address>0x613</load_address>
         <run_address>0x613</run_address>
         <size>0x7a</size>
         <input_file_ref idref="fl-cb"/>
      </object_component>
      <object_component id="oc-162">
         <name>.debug_abbrev</name>
         <load_address>0x68d</load_address>
         <run_address>0x68d</run_address>
         <size>0x69</size>
         <input_file_ref idref="fl-cb"/>
      </object_component>
      <object_component id="oc-158">
         <name>.debug_abbrev</name>
         <load_address>0x6f6</load_address>
         <run_address>0x6f6</run_address>
         <size>0x1f</size>
         <input_file_ref idref="fl-cb"/>
      </object_component>
      <object_component id="oc-14d">
         <name>.debug_abbrev</name>
         <load_address>0x715</load_address>
         <run_address>0x715</run_address>
         <size>0x5c</size>
         <input_file_ref idref="fl-cb"/>
      </object_component>
      <object_component id="oc-15d">
         <name>.debug_abbrev</name>
         <load_address>0x771</load_address>
         <run_address>0x771</run_address>
         <size>0x24</size>
         <input_file_ref idref="fl-cb"/>
      </object_component>
      <object_component id="oc-114">
         <name>.debug_abbrev</name>
         <load_address>0x795</load_address>
         <run_address>0x795</run_address>
         <size>0x24</size>
         <input_file_ref idref="fl-cb"/>
      </object_component>
      <object_component id="oc-150">
         <name>.debug_abbrev</name>
         <load_address>0x7b9</load_address>
         <run_address>0x7b9</run_address>
         <size>0xbb</size>
         <input_file_ref idref="fl-cd"/>
      </object_component>
      <object_component id="oc-165">
         <name>.debug_abbrev</name>
         <load_address>0x874</load_address>
         <run_address>0x874</run_address>
         <size>0x6c</size>
         <input_file_ref idref="fl-cd"/>
      </object_component>
      <object_component id="oc-111">
         <name>.debug_abbrev</name>
         <load_address>0x8e0</load_address>
         <run_address>0x8e0</run_address>
         <size>0x7a</size>
         <input_file_ref idref="fl-cd"/>
      </object_component>
      <object_component id="oc-153">
         <name>.debug_abbrev</name>
         <load_address>0x95a</load_address>
         <run_address>0x95a</run_address>
         <size>0x38</size>
         <input_file_ref idref="fl-cd"/>
      </object_component>
      <object_component id="oc-1d6">
         <name>.debug_abbrev</name>
         <load_address>0x992</load_address>
         <run_address>0x992</run_address>
         <size>0xf</size>
      </object_component>
      <object_component id="oc-74">
         <name>.debug_str</name>
         <load_address>0x0</load_address>
         <run_address>0x0</run_address>
         <size>0x2bd</size>
         <input_file_ref idref="fl-2"/>
      </object_component>
      <object_component id="oc-3a">
         <name>.debug_str</name>
         <load_address>0x2bd</load_address>
         <run_address>0x2bd</run_address>
         <size>0xfd</size>
         <input_file_ref idref="fl-2"/>
      </object_component>
      <object_component id="oc-b1">
         <name>.debug_str</name>
         <load_address>0x3ba</load_address>
         <run_address>0x3ba</run_address>
         <size>0x353</size>
         <input_file_ref idref="fl-2"/>
      </object_component>
      <object_component id="oc-79">
         <name>.debug_str</name>
         <load_address>0x70d</load_address>
         <run_address>0x70d</run_address>
         <size>0x155</size>
         <input_file_ref idref="fl-2"/>
      </object_component>
      <object_component id="oc-164">
         <name>.debug_str</name>
         <load_address>0x862</load_address>
         <run_address>0x862</run_address>
         <size>0x2df</size>
         <input_file_ref idref="fl-cb"/>
      </object_component>
      <object_component id="oc-15a">
         <name>.debug_str</name>
         <load_address>0xb41</load_address>
         <run_address>0xb41</run_address>
         <size>0xfe</size>
         <input_file_ref idref="fl-cb"/>
      </object_component>
      <object_component id="oc-14f">
         <name>.debug_str</name>
         <load_address>0xc3f</load_address>
         <run_address>0xc3f</run_address>
         <size>0x36e</size>
         <input_file_ref idref="fl-cb"/>
      </object_component>
      <object_component id="oc-15f">
         <name>.debug_str</name>
         <load_address>0xfad</load_address>
         <run_address>0xfad</run_address>
         <size>0x1ea</size>
         <input_file_ref idref="fl-cb"/>
      </object_component>
      <object_component id="oc-116">
         <name>.debug_str</name>
         <load_address>0x1197</load_address>
         <run_address>0x1197</run_address>
         <size>0x177</size>
         <input_file_ref idref="fl-cb"/>
      </object_component>
      <object_component id="oc-155">
         <name>.debug_str</name>
         <load_address>0x130e</load_address>
         <run_address>0x130e</run_address>
         <size>0x138</size>
         <input_file_ref idref="fl-cd"/>
      </object_component>
      <object_component id="oc-cb">
         <name>.debug_aranges</name>
         <load_address>0x0</load_address>
         <run_address>0x0</run_address>
         <size>0x48</size>
         <input_file_ref idref="fl-2"/>
      </object_component>
      <object_component id="oc-9e">
         <name>.debug_aranges</name>
         <load_address>0x48</load_address>
         <run_address>0x48</run_address>
         <size>0x20</size>
         <input_file_ref idref="fl-3"/>
      </object_component>
      <object_component id="oc-28">
         <name>.debug_aranges</name>
         <load_address>0x68</load_address>
         <run_address>0x68</run_address>
         <size>0x38</size>
         <input_file_ref idref="fl-4"/>
      </object_component>
      <object_component id="oc-56">
         <name>.debug_aranges</name>
         <load_address>0xa0</load_address>
         <run_address>0xa0</run_address>
         <size>0x20</size>
         <input_file_ref idref="fl-c2"/>
      </object_component>
      <object_component id="oc-98">
         <name>.debug_aranges</name>
         <load_address>0xc0</load_address>
         <run_address>0xc0</run_address>
         <size>0x20</size>
         <input_file_ref idref="fl-c6"/>
      </object_component>
      <object_component id="oc-d2">
         <name>.debug_aranges</name>
         <load_address>0xe0</load_address>
         <run_address>0xe0</run_address>
         <size>0x20</size>
         <input_file_ref idref="fl-c8"/>
      </object_component>
      <object_component id="oc-128">
         <name>.debug_aranges</name>
         <load_address>0x100</load_address>
         <run_address>0x100</run_address>
         <size>0x20</size>
         <input_file_ref idref="fl-cb"/>
      </object_component>
      <object_component id="oc-170">
         <name>.debug_aranges</name>
         <load_address>0x120</load_address>
         <run_address>0x120</run_address>
         <size>0x20</size>
         <input_file_ref idref="fl-cb"/>
      </object_component>
      <object_component id="oc-16a">
         <name>.debug_aranges</name>
         <load_address>0x140</load_address>
         <run_address>0x140</run_address>
         <size>0x20</size>
         <input_file_ref idref="fl-cb"/>
      </object_component>
      <object_component id="oc-122">
         <name>.debug_aranges</name>
         <load_address>0x160</load_address>
         <run_address>0x160</run_address>
         <size>0x20</size>
         <input_file_ref idref="fl-cb"/>
      </object_component>
      <object_component id="oc-119">
         <name>.debug_aranges</name>
         <load_address>0x180</load_address>
         <run_address>0x180</run_address>
         <size>0x20</size>
         <input_file_ref idref="fl-cd"/>
      </object_component>
      <object_component id="oc-c4">
         <name>.debug_aranges</name>
         <load_address>0x1a0</load_address>
         <run_address>0x1a0</run_address>
         <size>0x20</size>
         <input_file_ref idref="fl-cd"/>
      </object_component>
      <object_component id="oc-cc">
         <name>.debug_pubnames</name>
         <load_address>0x0</load_address>
         <run_address>0x0</run_address>
         <size>0x65</size>
         <input_file_ref idref="fl-2"/>
      </object_component>
      <object_component id="oc-9d">
         <name>.debug_pubnames</name>
         <load_address>0x65</load_address>
         <run_address>0x65</run_address>
         <size>0x1b</size>
         <input_file_ref idref="fl-3"/>
      </object_component>
      <object_component id="oc-14">
         <name>.debug_pubnames</name>
         <load_address>0x80</load_address>
         <run_address>0x80</run_address>
         <size>0x23</size>
         <input_file_ref idref="fl-4"/>
      </object_component>
      <object_component id="oc-2a">
         <name>.debug_pubnames</name>
         <load_address>0xa3</load_address>
         <run_address>0xa3</run_address>
         <size>0x4c</size>
         <input_file_ref idref="fl-4"/>
      </object_component>
      <object_component id="oc-26">
         <name>.debug_pubnames</name>
         <load_address>0xef</load_address>
         <run_address>0xef</run_address>
         <size>0x1e</size>
         <input_file_ref idref="fl-c2"/>
      </object_component>
      <object_component id="oc-55">
         <name>.debug_pubnames</name>
         <load_address>0x10d</load_address>
         <run_address>0x10d</run_address>
         <size>0x2d</size>
         <input_file_ref idref="fl-c2"/>
      </object_component>
      <object_component id="oc-97">
         <name>.debug_pubnames</name>
         <load_address>0x13a</load_address>
         <run_address>0x13a</run_address>
         <size>0x27</size>
         <input_file_ref idref="fl-c6"/>
      </object_component>
      <object_component id="oc-d5">
         <name>.debug_pubnames</name>
         <load_address>0x161</load_address>
         <run_address>0x161</run_address>
         <size>0x1c</size>
         <input_file_ref idref="fl-c8"/>
      </object_component>
      <object_component id="oc-127">
         <name>.debug_pubnames</name>
         <load_address>0x17d</load_address>
         <run_address>0x17d</run_address>
         <size>0x23</size>
         <input_file_ref idref="fl-cb"/>
      </object_component>
      <object_component id="oc-16f">
         <name>.debug_pubnames</name>
         <load_address>0x1a0</load_address>
         <run_address>0x1a0</run_address>
         <size>0x25</size>
         <input_file_ref idref="fl-cb"/>
      </object_component>
      <object_component id="oc-169">
         <name>.debug_pubnames</name>
         <load_address>0x1c5</load_address>
         <run_address>0x1c5</run_address>
         <size>0x27</size>
         <input_file_ref idref="fl-cb"/>
      </object_component>
      <object_component id="oc-121">
         <name>.debug_pubnames</name>
         <load_address>0x1ec</load_address>
         <run_address>0x1ec</run_address>
         <size>0x2c</size>
         <input_file_ref idref="fl-cb"/>
      </object_component>
      <object_component id="oc-11d">
         <name>.debug_pubnames</name>
         <load_address>0x218</load_address>
         <run_address>0x218</run_address>
         <size>0x2d</size>
         <input_file_ref idref="fl-cd"/>
      </object_component>
      <object_component id="oc-c6">
         <name>.debug_pubnames</name>
         <load_address>0x245</load_address>
         <run_address>0x245</run_address>
         <size>0x25</size>
         <input_file_ref idref="fl-cd"/>
      </object_component>
      <object_component id="oc-71">
         <name>.debug_pubtypes</name>
         <load_address>0x0</load_address>
         <run_address>0x0</run_address>
         <size>0x25c</size>
         <input_file_ref idref="fl-2"/>
      </object_component>
      <object_component id="oc-37">
         <name>.debug_pubtypes</name>
         <load_address>0x25c</load_address>
         <run_address>0x25c</run_address>
         <size>0xed</size>
         <input_file_ref idref="fl-2"/>
      </object_component>
      <object_component id="oc-ae">
         <name>.debug_pubtypes</name>
         <load_address>0x349</load_address>
         <run_address>0x349</run_address>
         <size>0x330</size>
         <input_file_ref idref="fl-2"/>
      </object_component>
      <object_component id="oc-76">
         <name>.debug_pubtypes</name>
         <load_address>0x679</load_address>
         <run_address>0x679</run_address>
         <size>0xaa</size>
         <input_file_ref idref="fl-2"/>
      </object_component>
      <object_component id="oc-161">
         <name>.debug_pubtypes</name>
         <load_address>0x723</load_address>
         <run_address>0x723</run_address>
         <size>0x25c</size>
         <input_file_ref idref="fl-cb"/>
      </object_component>
      <object_component id="oc-157">
         <name>.debug_pubtypes</name>
         <load_address>0x97f</load_address>
         <run_address>0x97f</run_address>
         <size>0xff</size>
         <input_file_ref idref="fl-cb"/>
      </object_component>
      <object_component id="oc-14c">
         <name>.debug_pubtypes</name>
         <load_address>0xa7e</load_address>
         <run_address>0xa7e</run_address>
         <size>0x325</size>
         <input_file_ref idref="fl-cb"/>
      </object_component>
      <object_component id="oc-15c">
         <name>.debug_pubtypes</name>
         <load_address>0xda3</load_address>
         <run_address>0xda3</run_address>
         <size>0x12e</size>
         <input_file_ref idref="fl-cb"/>
      </object_component>
      <object_component id="oc-113">
         <name>.debug_pubtypes</name>
         <load_address>0xed1</load_address>
         <run_address>0xed1</run_address>
         <size>0xaa</size>
         <input_file_ref idref="fl-cb"/>
      </object_component>
   </object_component_list>
   <logical_group_list>
      <logical_group id="lg-3" display="no" color="cyan">
         <name>.intvecs</name>
         <load_address>0x0</load_address>
         <run_address>0x0</run_address>
         <size>0x26c</size>
         <contents>
            <object_component_ref idref="oc-12"/>
         </contents>
      </logical_group>
      <logical_group id="lg-4" display="no" color="cyan">
         <name>.text</name>
         <load_address>0x270</load_address>
         <run_address>0x270</run_address>
         <size>0x5b8</size>
         <contents>
            <object_component_ref idref="oc-c9"/>
            <object_component_ref idref="oc-166"/>
            <object_component_ref idref="oc-c3"/>
            <object_component_ref idref="oc-9b"/>
            <object_component_ref idref="oc-118"/>
            <object_component_ref idref="oc-16c"/>
            <object_component_ref idref="oc-53"/>
            <object_component_ref idref="oc-11e"/>
            <object_component_ref idref="oc-124"/>
            <object_component_ref idref="oc-27"/>
            <object_component_ref idref="oc-110"/>
            <object_component_ref idref="oc-95"/>
            <object_component_ref idref="oc-d0"/>
         </contents>
      </logical_group>
      <logical_group id="lg-5" display="no" color="cyan">
         <name>.const</name>
         <run_address>0x0</run_address>
         <size>0x0</size>
         <contents>
         </contents>
      </logical_group>
      <logical_group id="lg-6" display="no" color="cyan">
         <name>.cinit</name>
         <run_address>0x0</run_address>
         <size>0x0</size>
         <contents>
         </contents>
      </logical_group>
      <logical_group id="lg-7" display="no" color="cyan">
         <name>.pinit</name>
         <run_address>0x0</run_address>
         <size>0x0</size>
         <contents>
         </contents>
      </logical_group>
      <logical_group id="lg-8" display="no" color="cyan">
         <name>.init_array</name>
         <run_address>0x0</run_address>
         <size>0x0</size>
         <contents>
         </contents>
      </logical_group>
      <logical_group id="lg-9" display="no" color="cyan">
         <name>.vtable</name>
         <run_address>0x0</run_address>
         <size>0x0</size>
         <contents>
         </contents>
      </logical_group>
      <logical_group id="lg-a" display="no" color="cyan">
         <name>.data</name>
         <run_address>0x0</run_address>
         <size>0x0</size>
         <contents>
         </contents>
      </logical_group>
      <logical_group id="lg-b" display="no" color="cyan">
         <name>.bss</name>
         <run_address>0x0</run_address>
         <size>0x0</size>
         <contents>
         </contents>
      </logical_group>
      <logical_group id="lg-c" display="no" color="cyan">
         <name>.sysmem</name>
         <run_address>0x0</run_address>
         <size>0x0</size>
         <contents>
         </contents>
      </logical_group>
      <logical_group id="lg-d" display="no" color="cyan">
         <name>.stack</name>
         <run_address>0x20000000</run_address>
         <size>0x200</size>
         <contents>
            <object_component_ref idref="oc-24"/>
            <object_component_ref idref="oc-1d4"/>
         </contents>
      </logical_group>
      <logical_group id="lg-1a9" display="no" color="cyan">
         <name>.TI.noinit</name>
         <run_address>0x0</run_address>
         <size>0x0</size>
         <contents>
         </contents>
      </logical_group>
      <logical_group id="lg-1aa" display="no" color="cyan">
         <name>.TI.persistent</name>
         <run_address>0x0</run_address>
         <size>0x0</size>
         <contents>
         </contents>
      </logical_group>
      <logical_group id="lg-1ab" display="no" color="cyan">
         <name>__llvm_prf_cnts</name>
         <run_address>0x20000000</run_address>
         <size>0x0</size>
         <contents>
         </contents>
      </logical_group>
      <logical_group id="lg-1ba" display="never" color="cyan">
         <name>.debug_info</name>
         <load_address>0x0</load_address>
         <run_address>0x0</run_address>
         <size>0x3dd8</size>
         <contents>
            <object_component_ref idref="oc-b2"/>
            <object_component_ref idref="oc-ca"/>
            <object_component_ref idref="oc-70"/>
            <object_component_ref idref="oc-36"/>
            <object_component_ref idref="oc-ad"/>
            <object_component_ref idref="oc-75"/>
            <object_component_ref idref="oc-9c"/>
            <object_component_ref idref="oc-2f"/>
            <object_component_ref idref="oc-13"/>
            <object_component_ref idref="oc-29"/>
            <object_component_ref idref="oc-25"/>
            <object_component_ref idref="oc-54"/>
            <object_component_ref idref="oc-96"/>
            <object_component_ref idref="oc-d4"/>
            <object_component_ref idref="oc-173"/>
            <object_component_ref idref="oc-126"/>
            <object_component_ref idref="oc-16e"/>
            <object_component_ref idref="oc-168"/>
            <object_component_ref idref="oc-120"/>
            <object_component_ref idref="oc-160"/>
            <object_component_ref idref="oc-156"/>
            <object_component_ref idref="oc-14b"/>
            <object_component_ref idref="oc-15b"/>
            <object_component_ref idref="oc-112"/>
            <object_component_ref idref="oc-117"/>
            <object_component_ref idref="oc-11c"/>
            <object_component_ref idref="oc-c5"/>
            <object_component_ref idref="oc-152"/>
            <object_component_ref idref="oc-1d5"/>
         </contents>
      </logical_group>
      <logical_group id="lg-1bc" display="never" color="cyan">
         <name>.debug_line</name>
         <load_address>0x0</load_address>
         <run_address>0x0</run_address>
         <size>0xd8e</size>
         <contents>
            <object_component_ref idref="oc-10f"/>
            <object_component_ref idref="oc-ce"/>
            <object_component_ref idref="oc-73"/>
            <object_component_ref idref="oc-39"/>
            <object_component_ref idref="oc-b0"/>
            <object_component_ref idref="oc-78"/>
            <object_component_ref idref="oc-9f"/>
            <object_component_ref idref="oc-6f"/>
            <object_component_ref idref="oc-2e"/>
            <object_component_ref idref="oc-2b"/>
            <object_component_ref idref="oc-6c"/>
            <object_component_ref idref="oc-58"/>
            <object_component_ref idref="oc-9a"/>
            <object_component_ref idref="oc-d3"/>
            <object_component_ref idref="oc-199"/>
            <object_component_ref idref="oc-125"/>
            <object_component_ref idref="oc-16d"/>
            <object_component_ref idref="oc-167"/>
            <object_component_ref idref="oc-11f"/>
            <object_component_ref idref="oc-163"/>
            <object_component_ref idref="oc-159"/>
            <object_component_ref idref="oc-14e"/>
            <object_component_ref idref="oc-15e"/>
            <object_component_ref idref="oc-115"/>
            <object_component_ref idref="oc-151"/>
            <object_component_ref idref="oc-11a"/>
            <object_component_ref idref="oc-c7"/>
            <object_component_ref idref="oc-154"/>
         </contents>
      </logical_group>
      <logical_group id="lg-1be" display="never" color="cyan">
         <name>.debug_frame</name>
         <load_address>0x0</load_address>
         <run_address>0x0</run_address>
         <size>0x4e4</size>
         <contents>
            <object_component_ref idref="oc-cd"/>
            <object_component_ref idref="oc-a0"/>
            <object_component_ref idref="oc-2c"/>
            <object_component_ref idref="oc-57"/>
            <object_component_ref idref="oc-99"/>
            <object_component_ref idref="oc-d1"/>
            <object_component_ref idref="oc-129"/>
            <object_component_ref idref="oc-171"/>
            <object_component_ref idref="oc-16b"/>
            <object_component_ref idref="oc-123"/>
            <object_component_ref idref="oc-11b"/>
            <object_component_ref idref="oc-c8"/>
         </contents>
      </logical_group>
      <logical_group id="lg-1c0" display="never" color="cyan">
         <name>.debug_abbrev</name>
         <load_address>0x0</load_address>
         <run_address>0x0</run_address>
         <size>0x9a1</size>
         <contents>
            <object_component_ref idref="oc-10e"/>
            <object_component_ref idref="oc-12a"/>
            <object_component_ref idref="oc-72"/>
            <object_component_ref idref="oc-38"/>
            <object_component_ref idref="oc-af"/>
            <object_component_ref idref="oc-77"/>
            <object_component_ref idref="oc-cf"/>
            <object_component_ref idref="oc-6e"/>
            <object_component_ref idref="oc-2d"/>
            <object_component_ref idref="oc-6d"/>
            <object_component_ref idref="oc-6b"/>
            <object_component_ref idref="oc-a2"/>
            <object_component_ref idref="oc-c2"/>
            <object_component_ref idref="oc-12b"/>
            <object_component_ref idref="oc-198"/>
            <object_component_ref idref="oc-174"/>
            <object_component_ref idref="oc-197"/>
            <object_component_ref idref="oc-196"/>
            <object_component_ref idref="oc-172"/>
            <object_component_ref idref="oc-162"/>
            <object_component_ref idref="oc-158"/>
            <object_component_ref idref="oc-14d"/>
            <object_component_ref idref="oc-15d"/>
            <object_component_ref idref="oc-114"/>
            <object_component_ref idref="oc-150"/>
            <object_component_ref idref="oc-165"/>
            <object_component_ref idref="oc-111"/>
            <object_component_ref idref="oc-153"/>
            <object_component_ref idref="oc-1d6"/>
         </contents>
      </logical_group>
      <logical_group id="lg-1c2" display="never" color="cyan">
         <name>.debug_str</name>
         <load_address>0x0</load_address>
         <run_address>0x0</run_address>
         <size>0x1446</size>
         <contents>
            <object_component_ref idref="oc-74"/>
            <object_component_ref idref="oc-3a"/>
            <object_component_ref idref="oc-b1"/>
            <object_component_ref idref="oc-79"/>
            <object_component_ref idref="oc-164"/>
            <object_component_ref idref="oc-15a"/>
            <object_component_ref idref="oc-14f"/>
            <object_component_ref idref="oc-15f"/>
            <object_component_ref idref="oc-116"/>
            <object_component_ref idref="oc-155"/>
         </contents>
      </logical_group>
      <logical_group id="lg-1c4" display="never" color="cyan">
         <name>.debug_aranges</name>
         <load_address>0x0</load_address>
         <run_address>0x0</run_address>
         <size>0x1c0</size>
         <contents>
            <object_component_ref idref="oc-cb"/>
            <object_component_ref idref="oc-9e"/>
            <object_component_ref idref="oc-28"/>
            <object_component_ref idref="oc-56"/>
            <object_component_ref idref="oc-98"/>
            <object_component_ref idref="oc-d2"/>
            <object_component_ref idref="oc-128"/>
            <object_component_ref idref="oc-170"/>
            <object_component_ref idref="oc-16a"/>
            <object_component_ref idref="oc-122"/>
            <object_component_ref idref="oc-119"/>
            <object_component_ref idref="oc-c4"/>
         </contents>
      </logical_group>
      <logical_group id="lg-1c6" display="never" color="cyan">
         <name>.debug_pubnames</name>
         <load_address>0x0</load_address>
         <run_address>0x0</run_address>
         <size>0x26a</size>
         <contents>
            <object_component_ref idref="oc-cc"/>
            <object_component_ref idref="oc-9d"/>
            <object_component_ref idref="oc-14"/>
            <object_component_ref idref="oc-2a"/>
            <object_component_ref idref="oc-26"/>
            <object_component_ref idref="oc-55"/>
            <object_component_ref idref="oc-97"/>
            <object_component_ref idref="oc-d5"/>
            <object_component_ref idref="oc-127"/>
            <object_component_ref idref="oc-16f"/>
            <object_component_ref idref="oc-169"/>
            <object_component_ref idref="oc-121"/>
            <object_component_ref idref="oc-11d"/>
            <object_component_ref idref="oc-c6"/>
         </contents>
      </logical_group>
      <logical_group id="lg-1c8" display="never" color="cyan">
         <name>.debug_pubtypes</name>
         <load_address>0x0</load_address>
         <run_address>0x0</run_address>
         <size>0xf7b</size>
         <contents>
            <object_component_ref idref="oc-71"/>
            <object_component_ref idref="oc-37"/>
            <object_component_ref idref="oc-ae"/>
            <object_component_ref idref="oc-76"/>
            <object_component_ref idref="oc-161"/>
            <object_component_ref idref="oc-157"/>
            <object_component_ref idref="oc-14c"/>
            <object_component_ref idref="oc-15c"/>
            <object_component_ref idref="oc-113"/>
         </contents>
      </logical_group>
      <logical_group id="lg-1d3" display="no" color="cyan">
         <name>Veneer$$CMSE</name>
         <run_address>0x0</run_address>
         <size>0x0</size>
         <contents>
         </contents>
      </logical_group>
      <load_segment id="lg-1d7" display="no" color="cyan">
         <name>SEGMENT_0</name>
         <load_address>0x0</load_address>
         <run_address>0x0</run_address>
         <size>0x828</size>
         <flags>0x5</flags>
         <contents>
            <logical_group_ref idref="lg-3"/>
            <logical_group_ref idref="lg-4"/>
         </contents>
      </load_segment>
      <load_segment id="lg-1d8" display="no" color="cyan">
         <name>SEGMENT_1</name>
         <run_address>0x20000000</run_address>
         <size>0x200</size>
         <flags>0x6</flags>
         <contents>
            <logical_group_ref idref="lg-d"/>
         </contents>
      </load_segment>
   </logical_group_list>
   <placement_map>
      <memory_area display="yes" color="green">
         <name>FLASH</name>
         <page_id>0x0</page_id>
         <origin>0x0</origin>
         <length>0x40000</length>
         <used_space>0x824</used_space>
         <unused_space>0x3f7dc</unused_space>
         <attributes>RX</attributes>
         <usage_details>
            <allocated_space>
               <start_address>0x0</start_address>
               <size>0x26c</size>
               <logical_group_ref idref="lg-3"/>
            </allocated_space>
            <available_space>
               <start_address>0x26c</start_address>
               <size>0x4</size>
            </available_space>
            <allocated_space>
               <start_address>0x270</start_address>
               <size>0x5b8</size>
               <logical_group_ref idref="lg-4"/>
            </allocated_space>
            <available_space>
               <start_address>0x828</start_address>
               <size>0x3f7d8</size>
            </available_space>
         </usage_details>
      </memory_area>
      <memory_area display="yes" color="green">
         <name>SRAM</name>
         <page_id>0x0</page_id>
         <origin>0x20000000</origin>
         <length>0x8000</length>
         <used_space>0x200</used_space>
         <unused_space>0x7e00</unused_space>
         <attributes>RWX</attributes>
         <usage_details>
            <allocated_space>
               <start_address>0x20000000</start_address>
               <size>0x0</size>
               <logical_group_ref idref="lg-1ab"/>
            </allocated_space>
            <allocated_space>
               <start_address>0x20000000</start_address>
               <size>0x200</size>
               <logical_group_ref idref="lg-d"/>
            </allocated_space>
            <available_space>
               <start_address>0x20000200</start_address>
               <size>0x7e00</size>
            </available_space>
         </usage_details>
      </memory_area>
   </placement_map>
   <symbol_table>
      <symbol id="sm-1">
         <name>__STACK_TOP</name>
         <value>0x20000200</value>
      </symbol>
      <symbol id="sm-2">
         <name>__start___llvm_prf_cnts</name>
         <value>0x20000000</value>
      </symbol>
      <symbol id="sm-3">
         <name>__stop___llvm_prf_cnts</name>
         <value>0x20000000</value>
      </symbol>
      <symbol id="sm-4">
         <name>binit</name>
         <value>0xffffffff</value>
      </symbol>
      <symbol id="sm-5">
         <name>__binit__</name>
         <value>0xffffffff</value>
      </symbol>
      <symbol id="sm-6">
         <name>__STACK_SIZE</name>
         <value>0x200</value>
      </symbol>
      <symbol id="sm-7">
         <name>__STACK_END</name>
         <value>0x20000200</value>
      </symbol>
      <symbol id="sm-8">
         <name>__c_args__</name>
         <value>0xffffffff</value>
      </symbol>
      <symbol id="sm-9">
         <name>__TI_pprof_out_hndl</name>
         <value>0xffffffff</value>
      </symbol>
      <symbol id="sm-a">
         <name>__TI_prof_data_start</name>
         <value>0xffffffff</value>
      </symbol>
      <symbol id="sm-b">
         <name>__TI_prof_data_size</name>
         <value>0xffffffff</value>
      </symbol>
      <symbol id="sm-c">
         <name>__TI_static_base__</name>
         <value>0x0</value>
      </symbol>
      <symbol id="sm-50">
         <name>Lcd_init</name>
         <value>0x271</value>
         <object_component_ref idref="oc-c9"/>
      </symbol>
      <symbol id="sm-51">
         <name>Lcd_Temizle</name>
         <value>0x479</value>
         <object_component_ref idref="oc-c9"/>
      </symbol>
      <symbol id="sm-52">
         <name>Lcd_Putch</name>
         <value>0x3b9</value>
         <object_component_ref idref="oc-c9"/>
      </symbol>
      <symbol id="sm-53">
         <name>Lcd_Komut</name>
         <value>0x331</value>
         <object_component_ref idref="oc-c9"/>
      </symbol>
      <symbol id="sm-54">
         <name>Lcd_Goto</name>
         <value>0x441</value>
         <object_component_ref idref="oc-c9"/>
      </symbol>
      <symbol id="sm-55">
         <name>Lcd_Puts</name>
         <value>0x489</value>
         <object_component_ref idref="oc-c9"/>
      </symbol>
      <symbol id="sm-65">
         <name>main</name>
         <value>0x711</value>
         <object_component_ref idref="oc-9b"/>
      </symbol>
      <symbol id="sm-81">
         <name>ResetISR</name>
         <value>0x801</value>
         <object_component_ref idref="oc-27"/>
      </symbol>
      <symbol id="sm-82">
         <name>g_pfnVectors</name>
         <value>0x0</value>
         <object_component_ref idref="oc-12"/>
      </symbol>
      <symbol id="sm-98">
         <name>_c_int00_noinit_noargs</name>
         <value>0x7b5</value>
         <object_component_ref idref="oc-53"/>
      </symbol>
      <symbol id="sm-99">
         <name>__stack</name>
         <value>0x20000000</value>
         <object_component_ref idref="oc-24"/>
      </symbol>
      <symbol id="sm-a6">
         <name>_system_pre_init</name>
         <value>0x821</value>
         <object_component_ref idref="oc-95"/>
      </symbol>
      <symbol id="sm-b2">
         <name>C$$EXIT</name>
         <value>0x825</value>
         <object_component_ref idref="oc-d0"/>
      </symbol>
      <symbol id="sm-b3">
         <name>abort</name>
         <value>0x825</value>
         <object_component_ref idref="oc-d0"/>
      </symbol>
      <symbol id="sm-fc">
         <name>GPIOPinTypeGPIOOutput</name>
         <value>0x7e1</value>
         <object_component_ref idref="oc-11e"/>
      </symbol>
      <symbol id="sm-fd">
         <name>GPIODirModeSet</name>
         <value>0x789</value>
         <object_component_ref idref="oc-16c"/>
      </symbol>
      <symbol id="sm-fe">
         <name>GPIOPinWrite</name>
         <value>0x7fb</value>
         <object_component_ref idref="oc-124"/>
      </symbol>
      <symbol id="sm-ff">
         <name>GPIOPadConfigSet</name>
         <value>0x4b1</value>
         <object_component_ref idref="oc-166"/>
      </symbol>
      <symbol id="sm-12b">
         <name>SysCtlClockSet</name>
         <value>0x61d</value>
         <object_component_ref idref="oc-c3"/>
      </symbol>
      <symbol id="sm-12c">
         <name>SysCtlDelay</name>
         <value>0x81b</value>
         <object_component_ref idref="oc-110"/>
      </symbol>
      <symbol id="sm-12d">
         <name>SysCtlPeripheralEnable</name>
         <value>0x755</value>
         <object_component_ref idref="oc-118"/>
      </symbol>
      <symbol id="sm-12f">
         <name>__mpu_init</name>
         <value>0x0</value>
      </symbol>
   </symbol_table>
   <title>Link successful</title>
</link_info>
